yearweek;staff_name;present
202501;Abigail Shaffer;1
202502;Abigail Shaffer;1
202503;Abigail Shaffer;1
202504;Abigail Shaffer;1
202505;Abigail Shaffer;1
202506;Abigail Shaffer;0
202507;Abigail Shaffer;1
202508;Abigail Shaffer;0
202509;Abigail Shaffer;1
202510;Abigail Shaffer;0
202511;Abigail Shaffer;1
202512;Abigail Shaffer;0
202513;Abigail Shaffer;1
202514;Abigail Shaffer;1
202515;Abigail Shaffer;1
202516;Abigail Shaffer;1
202517;Abigail Shaffer;1
202518;Abigail Shaffer;1
202519;Abigail Shaffer;1
202520;Abigail Shaffer;1
202521;Abigail Shaffer;1
202522;Abigail Shaffer;1
202523;Abigail Shaffer;1
202524;Abigail Shaffer;1
202525;Abigail Shaffer;1
202526;Abigail Shaffer;1
202527;Abigail Shaffer;1
202528;Abigail Shaffer;1
202529;Abigail Shaffer;1
202530;Abigail Shaffer;0
202531;Abigail Shaffer;1
202532;Abigail Shaffer;0
202533;Abigail Shaffer;1
202534;Abigail Shaffer;1
202535;Abigail Shaffer;1
202536;Abigail Shaffer;0
202537;Abigail Shaffer;1
202538;Abigail Shaffer;1
202539;Abigail Shaffer;1
202540;Abigail Shaffer;0
202541;Abigail Shaffer;1
202542;Abigail Shaffer;1
202543;Abigail Shaffer;1
202544;Abigail Shaffer;1
202545;Abigail Shaffer;0
202546;Abigail Shaffer;1
202547;Abigail Shaffer;1
202548;Abigail Shaffer;1
202549;Abigail Shaffer;1
202550;Abigail Shaffer;1
202551;Abigail Shaffer;1
202552;Abigail Shaffer;1
202501;Allison Hill;1
202502;Allison Hill;1
202503;Allison Hill;1
202504;Allison Hill;1
202505;Allison Hill;1
202506;Allison Hill;1
202507;Allison Hill;1
202508;Allison Hill;1
202509;Allison Hill;1
202510;Allison Hill;1
202511;Allison Hill;0
202512;Allison Hill;1
202513;Allison Hill;1
202514;Allison Hill;0
202515;Allison Hill;1
202516;Allison Hill;1
202517;Allison Hill;1
202518;Allison Hill;1
202519;Allison Hill;1
202520;Allison Hill;1
202521;Allison Hill;1
202522;Allison Hill;1
202523;Allison Hill;1
202524;Allison Hill;0
202525;Allison Hill;1
202526;Allison Hill;1
202527;Allison Hill;1
202528;Allison Hill;1
202529;Allison Hill;0
202530;Allison Hill;0
202531;Allison Hill;1
202532;Allison Hill;1
202533;Allison Hill;1
202534;Allison Hill;1
202535;Allison Hill;0
202536;Allison Hill;1
202537;Allison Hill;1
202538;Allison Hill;1
202539;Allison Hill;1
202540;Allison Hill;1
202541;Allison Hill;1
202542;Allison Hill;1
202543;Allison Hill;1
202544;Allison Hill;0
202545;Allison Hill;1
202546;Allison Hill;1
202547;Allison Hill;0
202548;Allison Hill;1
202549;Allison Hill;0
202550;Allison Hill;1
202551;Allison Hill;1
202552;Allison Hill;1
202501;Amber Kidd;1
202502;Amber Kidd;1
202503;Amber Kidd;1
202504;Amber Kidd;1
202505;Amber Kidd;1
202506;Amber Kidd;0
202507;Amber Kidd;1
202508;Amber Kidd;0
202509;Amber Kidd;1
202510;Amber Kidd;1
202511;Amber Kidd;1
202512;Amber Kidd;1
202513;Amber Kidd;1
202514;Amber Kidd;1
202515;Amber Kidd;1
202516;Amber Kidd;1
202517;Amber Kidd;1
202518;Amber Kidd;1
202519;Amber Kidd;1
202520;Amber Kidd;1
202521;Amber Kidd;1
202522;Amber Kidd;0
202523;Amber Kidd;1
202524;Amber Kidd;1
202525;Amber Kidd;1
202526;Amber Kidd;1
202527;Amber Kidd;0
202528;Amber Kidd;1
202529;Amber Kidd;1
202530;Amber Kidd;1
202531;Amber Kidd;0
202532;Amber Kidd;0
202533;Amber Kidd;1
202534;Amber Kidd;1
202535;Amber Kidd;1
202536;Amber Kidd;1
202537;Amber Kidd;1
202538;Amber Kidd;1
202539;Amber Kidd;1
202540;Amber Kidd;0
202541;Amber Kidd;1
202542;Amber Kidd;1
202543;Amber Kidd;1
202544;Amber Kidd;1
202545;Amber Kidd;1
202546;Amber Kidd;1
202547;Amber Kidd;1
202548;Amber Kidd;0
202549;Amber Kidd;1
202550;Amber Kidd;1
202551;Amber Kidd;1
202552;Amber Kidd;1
202501;Amy Silva;1
202502;Amy Silva;0
202503;Amy Silva;1
202504;Amy Silva;1
202505;Amy Silva;1
202506;Amy Silva;1
202507;Amy Silva;1
202508;Amy Silva;1
202509;Amy Silva;1
202510;Amy Silva;0
202511;Amy Silva;0
202512;Amy Silva;1
202513;Amy Silva;1
202514;Amy Silva;1
202515;Amy Silva;1
202516;Amy Silva;1
202517;Amy Silva;1
202518;Amy Silva;1
202519;Amy Silva;1
202520;Amy Silva;1
202521;Amy Silva;1
202522;Amy Silva;1
202523;Amy Silva;0
202524;Amy Silva;1
202525;Amy Silva;1
202526;Amy Silva;1
202527;Amy Silva;1
202528;Amy Silva;1
202529;Amy Silva;1
202530;Amy Silva;1
202531;Amy Silva;1
202532;Amy Silva;1
202533;Amy Silva;1
202534;Amy Silva;0
202535;Amy Silva;0
202536;Amy Silva;1
202537;Amy Silva;1
202538;Amy Silva;1
202539;Amy Silva;1
202540;Amy Silva;1
202541;Amy Silva;1
202542;Amy Silva;1
202543;Amy Silva;1
202544;Amy Silva;1
202545;Amy Silva;1
202546;Amy Silva;1
202547;Amy Silva;1
202548;Amy Silva;1
202549;Amy Silva;0
202550;Amy Silva;1
202551;Amy Silva;1
202552;Amy Silva;0
202501;Angela Lopez;1
202502;Angela Lopez;1
202503;Angela Lopez;1
202504;Angela Lopez;1
202505;Angela Lopez;1
202506;Angela Lopez;0
202507;Angela Lopez;1
202508;Angela Lopez;1
202509;Angela Lopez;0
202510;Angela Lopez;1
202511;Angela Lopez;1
202512;Angela Lopez;1
202513;Angela Lopez;0
202514;Angela Lopez;1
202515;Angela Lopez;1
202516;Angela Lopez;1
202517;Angela Lopez;0
202518;Angela Lopez;1
202519;Angela Lopez;0
202520;Angela Lopez;1
202521;Angela Lopez;1
202522;Angela Lopez;1
202523;Angela Lopez;1
202524;Angela Lopez;1
202525;Angela Lopez;0
202526;Angela Lopez;1
202527;Angela Lopez;1
202528;Angela Lopez;1
202529;Angela Lopez;1
202530;Angela Lopez;1
202531;Angela Lopez;1
202532;Angela Lopez;1
202533;Angela Lopez;1
202534;Angela Lopez;0
202535;Angela Lopez;1
202536;Angela Lopez;1
202537;Angela Lopez;0
202538;Angela Lopez;1
202539;Angela Lopez;1
202540;Angela Lopez;1
202541;Angela Lopez;1
202542;Angela Lopez;1
202543;Angela Lopez;0
202544;Angela Lopez;1
202545;Angela Lopez;1
202546;Angela Lopez;1
202547;Angela Lopez;1
202548;Angela Lopez;1
202549;Angela Lopez;1
202550;Angela Lopez;1
202551;Angela Lopez;0
202552;Angela Lopez;1
202501;Anna Henderson;1
202502;Anna Henderson;1
202503;Anna Henderson;0
202504;Anna Henderson;1
202505;Anna Henderson;1
202506;Anna Henderson;1
202507;Anna Henderson;1
202508;Anna Henderson;1
202509;Anna Henderson;1
202510;Anna Henderson;1
202511;Anna Henderson;1
202512;Anna Henderson;1
202513;Anna Henderson;1
202514;Anna Henderson;0
202515;Anna Henderson;0
202516;Anna Henderson;1
202517;Anna Henderson;1
202518;Anna Henderson;1
202519;Anna Henderson;0
202520;Anna Henderson;1
202521;Anna Henderson;0
202522;Anna Henderson;1
202523;Anna Henderson;1
202524;Anna Henderson;1
202525;Anna Henderson;1
202526;Anna Henderson;1
202527;Anna Henderson;1
202528;Anna Henderson;0
202529;Anna Henderson;1
202530;Anna Henderson;1
202531;Anna Henderson;1
202532;Anna Henderson;1
202533;Anna Henderson;1
202534;Anna Henderson;1
202535;Anna Henderson;1
202536;Anna Henderson;0
202537;Anna Henderson;1
202538;Anna Henderson;1
202539;Anna Henderson;0
202540;Anna Henderson;0
202541;Anna Henderson;1
202542;Anna Henderson;1
202543;Anna Henderson;1
202544;Anna Henderson;1
202545;Anna Henderson;1
202546;Anna Henderson;1
202547;Anna Henderson;1
202548;Anna Henderson;0
202549;Anna Henderson;1
202550;Anna Henderson;1
202551;Anna Henderson;1
202552;Anna Henderson;1
202501;Anthony Rodriguez;1
202502;Anthony Rodriguez;1
202503;Anthony Rodriguez;1
202504;Anthony Rodriguez;1
202505;Anthony Rodriguez;1
202506;Anthony Rodriguez;1
202507;Anthony Rodriguez;0
202508;Anthony Rodriguez;0
202509;Anthony Rodriguez;1
202510;Anthony Rodriguez;1
202511;Anthony Rodriguez;1
202512;Anthony Rodriguez;1
202513;Anthony Rodriguez;0
202514;Anthony Rodriguez;1
202515;Anthony Rodriguez;0
202516;Anthony Rodriguez;1
202517;Anthony Rodriguez;1
202518;Anthony Rodriguez;1
202519;Anthony Rodriguez;1
202520;Anthony Rodriguez;1
202521;Anthony Rodriguez;1
202522;Anthony Rodriguez;1
202523;Anthony Rodriguez;1
202524;Anthony Rodriguez;1
202525;Anthony Rodriguez;1
202526;Anthony Rodriguez;1
202527;Anthony Rodriguez;0
202528;Anthony Rodriguez;1
202529;Anthony Rodriguez;1
202530;Anthony Rodriguez;1
202531;Anthony Rodriguez;1
202532;Anthony Rodriguez;1
202533;Anthony Rodriguez;1
202534;Anthony Rodriguez;1
202535;Anthony Rodriguez;1
202536;Anthony Rodriguez;1
202537;Anthony Rodriguez;0
202538;Anthony Rodriguez;1
202539;Anthony Rodriguez;1
202540;Anthony Rodriguez;1
202541;Anthony Rodriguez;1
202542;Anthony Rodriguez;1
202543;Anthony Rodriguez;0
202544;Anthony Rodriguez;0
202545;Anthony Rodriguez;1
202546;Anthony Rodriguez;1
202547;Anthony Rodriguez;1
202548;Anthony Rodriguez;1
202549;Anthony Rodriguez;1
202550;Anthony Rodriguez;1
202551;Anthony Rodriguez;1
202552;Anthony Rodriguez;1
202501;Brent Jordan;1
202502;Brent Jordan;1
202503;Brent Jordan;0
202504;Brent Jordan;1
202505;Brent Jordan;1
202506;Brent Jordan;1
202507;Brent Jordan;1
202508;Brent Jordan;1
202509;Brent Jordan;1
202510;Brent Jordan;1
202511;Brent Jordan;0
202512;Brent Jordan;0
202513;Brent Jordan;1
202514;Brent Jordan;1
202515;Brent Jordan;1
202516;Brent Jordan;1
202517;Brent Jordan;1
202518;Brent Jordan;1
202519;Brent Jordan;1
202520;Brent Jordan;0
202521;Brent Jordan;1
202522;Brent Jordan;0
202523;Brent Jordan;1
202524;Brent Jordan;1
202525;Brent Jordan;1
202526;Brent Jordan;1
202527;Brent Jordan;1
202528;Brent Jordan;1
202529;Brent Jordan;0
202530;Brent Jordan;1
202531;Brent Jordan;1
202532;Brent Jordan;1
202533;Brent Jordan;1
202534;Brent Jordan;1
202535;Brent Jordan;1
202536;Brent Jordan;1
202537;Brent Jordan;1
202538;Brent Jordan;1
202539;Brent Jordan;1
202540;Brent Jordan;1
202541;Brent Jordan;1
202542;Brent Jordan;1
202543;Brent Jordan;1
202544;Brent Jordan;1
202545;Brent Jordan;1
202546;Brent Jordan;1
202547;Brent Jordan;1
202548;Brent Jordan;1
202549;Brent Jordan;1
202550;Brent Jordan;1
202551;Brent Jordan;1
202552;Brent Jordan;0
202501;Brian Ramirez;1
202502;Brian Ramirez;1
202503;Brian Ramirez;0
202504;Brian Ramirez;1
202505;Brian Ramirez;1
202506;Brian Ramirez;0
202507;Brian Ramirez;0
202508;Brian Ramirez;1
202509;Brian Ramirez;1
202510;Brian Ramirez;1
202511;Brian Ramirez;1
202512;Brian Ramirez;1
202513;Brian Ramirez;1
202514;Brian Ramirez;1
202515;Brian Ramirez;1
202516;Brian Ramirez;1
202517;Brian Ramirez;1
202518;Brian Ramirez;1
202519;Brian Ramirez;0
202520;Brian Ramirez;1
202521;Brian Ramirez;1
202522;Brian Ramirez;0
202523;Brian Ramirez;1
202524;Brian Ramirez;1
202525;Brian Ramirez;0
202526;Brian Ramirez;1
202527;Brian Ramirez;1
202528;Brian Ramirez;1
202529;Brian Ramirez;1
202530;Brian Ramirez;1
202531;Brian Ramirez;1
202532;Brian Ramirez;1
202533;Brian Ramirez;1
202534;Brian Ramirez;1
202535;Brian Ramirez;1
202536;Brian Ramirez;1
202537;Brian Ramirez;1
202538;Brian Ramirez;1
202539;Brian Ramirez;0
202540;Brian Ramirez;1
202541;Brian Ramirez;1
202542;Brian Ramirez;1
202543;Brian Ramirez;1
202544;Brian Ramirez;1
202545;Brian Ramirez;1
202546;Brian Ramirez;1
202547;Brian Ramirez;1
202548;Brian Ramirez;1
202549;Brian Ramirez;0
202550;Brian Ramirez;1
202551;Brian Ramirez;1
202552;Brian Ramirez;1
202501;Brian Rodriguez;1
202502;Brian Rodriguez;1
202503;Brian Rodriguez;1
202504;Brian Rodriguez;0
202505;Brian Rodriguez;1
202506;Brian Rodriguez;1
202507;Brian Rodriguez;1
202508;Brian Rodriguez;1
202509;Brian Rodriguez;1
202510;Brian Rodriguez;1
202511;Brian Rodriguez;1
202512;Brian Rodriguez;1
202513;Brian Rodriguez;0
202514;Brian Rodriguez;1
202515;Brian Rodriguez;1
202516;Brian Rodriguez;1
202517;Brian Rodriguez;1
202518;Brian Rodriguez;1
202519;Brian Rodriguez;0
202520;Brian Rodriguez;1
202521;Brian Rodriguez;1
202522;Brian Rodriguez;1
202523;Brian Rodriguez;1
202524;Brian Rodriguez;1
202525;Brian Rodriguez;1
202526;Brian Rodriguez;1
202527;Brian Rodriguez;1
202528;Brian Rodriguez;1
202529;Brian Rodriguez;1
202530;Brian Rodriguez;1
202531;Brian Rodriguez;0
202532;Brian Rodriguez;1
202533;Brian Rodriguez;1
202534;Brian Rodriguez;1
202535;Brian Rodriguez;1
202536;Brian Rodriguez;1
202537;Brian Rodriguez;1
202538;Brian Rodriguez;1
202539;Brian Rodriguez;1
202540;Brian Rodriguez;1
202541;Brian Rodriguez;1
202542;Brian Rodriguez;1
202543;Brian Rodriguez;1
202544;Brian Rodriguez;1
202545;Brian Rodriguez;1
202546;Brian Rodriguez;1
202547;Brian Rodriguez;1
202548;Brian Rodriguez;1
202549;Brian Rodriguez;0
202550;Brian Rodriguez;1
202551;Brian Rodriguez;1
202552;Brian Rodriguez;1
202501;Brittany Farmer;1
202502;Brittany Farmer;1
202503;Brittany Farmer;1
202504;Brittany Farmer;1
202505;Brittany Farmer;1
202506;Brittany Farmer;1
202507;Brittany Farmer;1
202508;Brittany Farmer;0
202509;Brittany Farmer;1
202510;Brittany Farmer;1
202511;Brittany Farmer;1
202512;Brittany Farmer;1
202513;Brittany Farmer;1
202514;Brittany Farmer;1
202515;Brittany Farmer;0
202516;Brittany Farmer;1
202517;Brittany Farmer;1
202518;Brittany Farmer;1
202519;Brittany Farmer;1
202520;Brittany Farmer;1
202521;Brittany Farmer;1
202522;Brittany Farmer;1
202523;Brittany Farmer;1
202524;Brittany Farmer;1
202525;Brittany Farmer;0
202526;Brittany Farmer;1
202527;Brittany Farmer;1
202528;Brittany Farmer;0
202529;Brittany Farmer;1
202530;Brittany Farmer;1
202531;Brittany Farmer;1
202532;Brittany Farmer;1
202533;Brittany Farmer;0
202534;Brittany Farmer;1
202535;Brittany Farmer;1
202536;Brittany Farmer;1
202537;Brittany Farmer;0
202538;Brittany Farmer;1
202539;Brittany Farmer;1
202540;Brittany Farmer;1
202541;Brittany Farmer;1
202542;Brittany Farmer;1
202543;Brittany Farmer;1
202544;Brittany Farmer;1
202545;Brittany Farmer;1
202546;Brittany Farmer;1
202547;Brittany Farmer;1
202548;Brittany Farmer;1
202549;Brittany Farmer;1
202550;Brittany Farmer;1
202551;Brittany Farmer;1
202552;Brittany Farmer;1
202501;Brittney Phillips;0
202502;Brittney Phillips;1
202503;Brittney Phillips;1
202504;Brittney Phillips;1
202505;Brittney Phillips;1
202506;Brittney Phillips;1
202507;Brittney Phillips;0
202508;Brittney Phillips;1
202509;Brittney Phillips;0
202510;Brittney Phillips;1
202511;Brittney Phillips;1
202512;Brittney Phillips;1
202513;Brittney Phillips;1
202514;Brittney Phillips;1
202515;Brittney Phillips;1
202516;Brittney Phillips;1
202517;Brittney Phillips;1
202518;Brittney Phillips;1
202519;Brittney Phillips;1
202520;Brittney Phillips;1
202521;Brittney Phillips;1
202522;Brittney Phillips;1
202523;Brittney Phillips;1
202524;Brittney Phillips;1
202525;Brittney Phillips;1
202526;Brittney Phillips;1
202527;Brittney Phillips;1
202528;Brittney Phillips;0
202529;Brittney Phillips;1
202530;Brittney Phillips;1
202531;Brittney Phillips;1
202532;Brittney Phillips;1
202533;Brittney Phillips;1
202534;Brittney Phillips;1
202535;Brittney Phillips;1
202536;Brittney Phillips;0
202537;Brittney Phillips;1
202538;Brittney Phillips;1
202539;Brittney Phillips;1
202540;Brittney Phillips;1
202541;Brittney Phillips;1
202542;Brittney Phillips;1
202543;Brittney Phillips;1
202544;Brittney Phillips;1
202545;Brittney Phillips;0
202546;Brittney Phillips;1
202547;Brittney Phillips;1
202548;Brittney Phillips;1
202549;Brittney Phillips;1
202550;Brittney Phillips;1
202551;Brittney Phillips;1
202552;Brittney Phillips;1
202501;Carla Gray;1
202502;Carla Gray;1
202503;Carla Gray;1
202504;Carla Gray;1
202505;Carla Gray;1
202506;Carla Gray;1
202507;Carla Gray;1
202508;Carla Gray;1
202509;Carla Gray;1
202510;Carla Gray;1
202511;Carla Gray;1
202512;Carla Gray;1
202513;Carla Gray;1
202514;Carla Gray;1
202515;Carla Gray;1
202516;Carla Gray;0
202517;Carla Gray;1
202518;Carla Gray;1
202519;Carla Gray;1
202520;Carla Gray;0
202521;Carla Gray;0
202522;Carla Gray;1
202523;Carla Gray;1
202524;Carla Gray;1
202525;Carla Gray;1
202526;Carla Gray;1
202527;Carla Gray;1
202528;Carla Gray;1
202529;Carla Gray;1
202530;Carla Gray;1
202531;Carla Gray;1
202532;Carla Gray;0
202533;Carla Gray;1
202534;Carla Gray;1
202535;Carla Gray;0
202536;Carla Gray;1
202537;Carla Gray;1
202538;Carla Gray;0
202539;Carla Gray;1
202540;Carla Gray;1
202541;Carla Gray;1
202542;Carla Gray;1
202543;Carla Gray;1
202544;Carla Gray;1
202545;Carla Gray;1
202546;Carla Gray;0
202547;Carla Gray;1
202548;Carla Gray;1
202549;Carla Gray;1
202550;Carla Gray;1
202551;Carla Gray;1
202552;Carla Gray;1
202501;Christina Walters;1
202502;Christina Walters;1
202503;Christina Walters;1
202504;Christina Walters;1
202505;Christina Walters;1
202506;Christina Walters;1
202507;Christina Walters;1
202508;Christina Walters;1
202509;Christina Walters;1
202510;Christina Walters;1
202511;Christina Walters;1
202512;Christina Walters;1
202513;Christina Walters;1
202514;Christina Walters;1
202515;Christina Walters;1
202516;Christina Walters;1
202517;Christina Walters;0
202518;Christina Walters;1
202519;Christina Walters;1
202520;Christina Walters;1
202521;Christina Walters;0
202522;Christina Walters;1
202523;Christina Walters;1
202524;Christina Walters;1
202525;Christina Walters;0
202526;Christina Walters;1
202527;Christina Walters;1
202528;Christina Walters;1
202529;Christina Walters;1
202530;Christina Walters;1
202531;Christina Walters;1
202532;Christina Walters;1
202533;Christina Walters;1
202534;Christina Walters;1
202535;Christina Walters;1
202536;Christina Walters;1
202537;Christina Walters;1
202538;Christina Walters;1
202539;Christina Walters;1
202540;Christina Walters;1
202541;Christina Walters;1
202542;Christina Walters;1
202543;Christina Walters;1
202544;Christina Walters;1
202545;Christina Walters;0
202546;Christina Walters;1
202547;Christina Walters;1
202548;Christina Walters;1
202549;Christina Walters;1
202550;Christina Walters;0
202551;Christina Walters;1
202552;Christina Walters;1
202501;Christopher Bass;1
202502;Christopher Bass;1
202503;Christopher Bass;1
202504;Christopher Bass;1
202505;Christopher Bass;1
202506;Christopher Bass;1
202507;Christopher Bass;1
202508;Christopher Bass;1
202509;Christopher Bass;1
202510;Christopher Bass;1
202511;Christopher Bass;1
202512;Christopher Bass;1
202513;Christopher Bass;1
202514;Christopher Bass;1
202515;Christopher Bass;0
202516;Christopher Bass;1
202517;Christopher Bass;1
202518;Christopher Bass;1
202519;Christopher Bass;0
202520;Christopher Bass;0
202521;Christopher Bass;1
202522;Christopher Bass;1
202523;Christopher Bass;1
202524;Christopher Bass;1
202525;Christopher Bass;1
202526;Christopher Bass;1
202527;Christopher Bass;0
202528;Christopher Bass;1
202529;Christopher Bass;1
202530;Christopher Bass;1
202531;Christopher Bass;0
202532;Christopher Bass;1
202533;Christopher Bass;1
202534;Christopher Bass;0
202535;Christopher Bass;1
202536;Christopher Bass;1
202537;Christopher Bass;1
202538;Christopher Bass;1
202539;Christopher Bass;1
202540;Christopher Bass;1
202541;Christopher Bass;0
202542;Christopher Bass;1
202543;Christopher Bass;1
202544;Christopher Bass;0
202545;Christopher Bass;0
202546;Christopher Bass;1
202547;Christopher Bass;1
202548;Christopher Bass;0
202549;Christopher Bass;1
202550;Christopher Bass;1
202551;Christopher Bass;1
202552;Christopher Bass;1
202501;Connor West;1
202502;Connor West;1
202503;Connor West;1
202504;Connor West;1
202505;Connor West;1
202506;Connor West;0
202507;Connor West;1
202508;Connor West;1
202509;Connor West;1
202510;Connor West;1
202511;Connor West;1
202512;Connor West;1
202513;Connor West;1
202514;Connor West;1
202515;Connor West;1
202516;Connor West;1
202517;Connor West;1
202518;Connor West;1
202519;Connor West;1
202520;Connor West;1
202521;Connor West;1
202522;Connor West;0
202523;Connor West;1
202524;Connor West;1
202525;Connor West;0
202526;Connor West;1
202527;Connor West;1
202528;Connor West;1
202529;Connor West;0
202530;Connor West;1
202531;Connor West;1
202532;Connor West;1
202533;Connor West;1
202534;Connor West;1
202535;Connor West;1
202536;Connor West;1
202537;Connor West;1
202538;Connor West;1
202539;Connor West;0
202540;Connor West;0
202541;Connor West;1
202542;Connor West;1
202543;Connor West;1
202544;Connor West;1
202545;Connor West;1
202546;Connor West;1
202547;Connor West;1
202548;Connor West;0
202549;Connor West;1
202550;Connor West;1
202551;Connor West;1
202552;Connor West;1
202501;Cristian Santos;1
202502;Cristian Santos;0
202503;Cristian Santos;1
202504;Cristian Santos;1
202505;Cristian Santos;1
202506;Cristian Santos;1
202507;Cristian Santos;1
202508;Cristian Santos;1
202509;Cristian Santos;1
202510;Cristian Santos;1
202511;Cristian Santos;1
202512;Cristian Santos;1
202513;Cristian Santos;1
202514;Cristian Santos;1
202515;Cristian Santos;1
202516;Cristian Santos;1
202517;Cristian Santos;1
202518;Cristian Santos;1
202519;Cristian Santos;0
202520;Cristian Santos;0
202521;Cristian Santos;1
202522;Cristian Santos;1
202523;Cristian Santos;1
202524;Cristian Santos;1
202525;Cristian Santos;1
202526;Cristian Santos;1
202527;Cristian Santos;1
202528;Cristian Santos;1
202529;Cristian Santos;1
202530;Cristian Santos;1
202531;Cristian Santos;1
202532;Cristian Santos;0
202533;Cristian Santos;1
202534;Cristian Santos;1
202535;Cristian Santos;1
202536;Cristian Santos;1
202537;Cristian Santos;0
202538;Cristian Santos;1
202539;Cristian Santos;1
202540;Cristian Santos;1
202541;Cristian Santos;1
202542;Cristian Santos;1
202543;Cristian Santos;1
202544;Cristian Santos;1
202545;Cristian Santos;1
202546;Cristian Santos;1
202547;Cristian Santos;1
202548;Cristian Santos;0
202549;Cristian Santos;1
202550;Cristian Santos;1
202551;Cristian Santos;1
202552;Cristian Santos;1
202501;Daniel Baker;1
202502;Daniel Baker;1
202503;Daniel Baker;1
202504;Daniel Baker;1
202505;Daniel Baker;1
202506;Daniel Baker;1
202507;Daniel Baker;1
202508;Daniel Baker;1
202509;Daniel Baker;1
202510;Daniel Baker;1
202511;Daniel Baker;1
202512;Daniel Baker;1
202513;Daniel Baker;1
202514;Daniel Baker;1
202515;Daniel Baker;1
202516;Daniel Baker;1
202517;Daniel Baker;1
202518;Daniel Baker;1
202519;Daniel Baker;0
202520;Daniel Baker;1
202521;Daniel Baker;1
202522;Daniel Baker;1
202523;Daniel Baker;1
202524;Daniel Baker;0
202525;Daniel Baker;1
202526;Daniel Baker;1
202527;Daniel Baker;1
202528;Daniel Baker;1
202529;Daniel Baker;0
202530;Daniel Baker;1
202531;Daniel Baker;1
202532;Daniel Baker;0
202533;Daniel Baker;1
202534;Daniel Baker;1
202535;Daniel Baker;1
202536;Daniel Baker;1
202537;Daniel Baker;1
202538;Daniel Baker;1
202539;Daniel Baker;1
202540;Daniel Baker;0
202541;Daniel Baker;1
202542;Daniel Baker;1
202543;Daniel Baker;1
202544;Daniel Baker;1
202545;Daniel Baker;1
202546;Daniel Baker;1
202547;Daniel Baker;0
202548;Daniel Baker;1
202549;Daniel Baker;1
202550;Daniel Baker;1
202551;Daniel Baker;1
202552;Daniel Baker;1
202501;Daniel Wagner;1
202502;Daniel Wagner;1
202503;Daniel Wagner;1
202504;Daniel Wagner;1
202505;Daniel Wagner;0
202506;Daniel Wagner;1
202507;Daniel Wagner;1
202508;Daniel Wagner;1
202509;Daniel Wagner;1
202510;Daniel Wagner;1
202511;Daniel Wagner;1
202512;Daniel Wagner;1
202513;Daniel Wagner;1
202514;Daniel Wagner;1
202515;Daniel Wagner;1
202516;Daniel Wagner;0
202517;Daniel Wagner;1
202518;Daniel Wagner;1
202519;Daniel Wagner;1
202520;Daniel Wagner;1
202521;Daniel Wagner;0
202522;Daniel Wagner;1
202523;Daniel Wagner;1
202524;Daniel Wagner;0
202525;Daniel Wagner;1
202526;Daniel Wagner;1
202527;Daniel Wagner;1
202528;Daniel Wagner;1
202529;Daniel Wagner;1
202530;Daniel Wagner;0
202531;Daniel Wagner;1
202532;Daniel Wagner;1
202533;Daniel Wagner;1
202534;Daniel Wagner;1
202535;Daniel Wagner;1
202536;Daniel Wagner;1
202537;Daniel Wagner;1
202538;Daniel Wagner;1
202539;Daniel Wagner;1
202540;Daniel Wagner;1
202541;Daniel Wagner;1
202542;Daniel Wagner;1
202543;Daniel Wagner;0
202544;Daniel Wagner;0
202545;Daniel Wagner;1
202546;Daniel Wagner;1
202547;Daniel Wagner;1
202548;Daniel Wagner;1
202549;Daniel Wagner;1
202550;Daniel Wagner;1
202551;Daniel Wagner;1
202552;Daniel Wagner;1
202501;Danny Morgan;1
202502;Danny Morgan;1
202503;Danny Morgan;1
202504;Danny Morgan;0
202505;Danny Morgan;1
202506;Danny Morgan;1
202507;Danny Morgan;0
202508;Danny Morgan;1
202509;Danny Morgan;1
202510;Danny Morgan;1
202511;Danny Morgan;1
202512;Danny Morgan;1
202513;Danny Morgan;1
202514;Danny Morgan;1
202515;Danny Morgan;1
202516;Danny Morgan;1
202517;Danny Morgan;1
202518;Danny Morgan;1
202519;Danny Morgan;1
202520;Danny Morgan;1
202521;Danny Morgan;1
202522;Danny Morgan;1
202523;Danny Morgan;1
202524;Danny Morgan;1
202525;Danny Morgan;0
202526;Danny Morgan;1
202527;Danny Morgan;1
202528;Danny Morgan;0
202529;Danny Morgan;1
202530;Danny Morgan;1
202531;Danny Morgan;1
202532;Danny Morgan;1
202533;Danny Morgan;1
202534;Danny Morgan;0
202535;Danny Morgan;1
202536;Danny Morgan;1
202537;Danny Morgan;1
202538;Danny Morgan;1
202539;Danny Morgan;1
202540;Danny Morgan;1
202541;Danny Morgan;0
202542;Danny Morgan;1
202543;Danny Morgan;1
202544;Danny Morgan;1
202545;Danny Morgan;1
202546;Danny Morgan;1
202547;Danny Morgan;1
202548;Danny Morgan;1
202549;Danny Morgan;1
202550;Danny Morgan;1
202551;Danny Morgan;1
202552;Danny Morgan;1
202501;Deborah Figueroa;1
202502;Deborah Figueroa;1
202503;Deborah Figueroa;1
202504;Deborah Figueroa;0
202505;Deborah Figueroa;0
202506;Deborah Figueroa;1
202507;Deborah Figueroa;1
202508;Deborah Figueroa;1
202509;Deborah Figueroa;1
202510;Deborah Figueroa;1
202511;Deborah Figueroa;1
202512;Deborah Figueroa;1
202513;Deborah Figueroa;1
202514;Deborah Figueroa;1
202515;Deborah Figueroa;0
202516;Deborah Figueroa;1
202517;Deborah Figueroa;1
202518;Deborah Figueroa;1
202519;Deborah Figueroa;1
202520;Deborah Figueroa;1
202521;Deborah Figueroa;1
202522;Deborah Figueroa;0
202523;Deborah Figueroa;1
202524;Deborah Figueroa;1
202525;Deborah Figueroa;1
202526;Deborah Figueroa;1
202527;Deborah Figueroa;1
202528;Deborah Figueroa;1
202529;Deborah Figueroa;1
202530;Deborah Figueroa;1
202531;Deborah Figueroa;0
202532;Deborah Figueroa;1
202533;Deborah Figueroa;1
202534;Deborah Figueroa;1
202535;Deborah Figueroa;1
202536;Deborah Figueroa;1
202537;Deborah Figueroa;1
202538;Deborah Figueroa;1
202539;Deborah Figueroa;1
202540;Deborah Figueroa;1
202541;Deborah Figueroa;1
202542;Deborah Figueroa;1
202543;Deborah Figueroa;1
202544;Deborah Figueroa;1
202545;Deborah Figueroa;1
202546;Deborah Figueroa;1
202547;Deborah Figueroa;1
202548;Deborah Figueroa;1
202549;Deborah Figueroa;1
202550;Deborah Figueroa;1
202551;Deborah Figueroa;1
202552;Deborah Figueroa;0
202501;Debra Davidson;1
202502;Debra Davidson;1
202503;Debra Davidson;1
202504;Debra Davidson;1
202505;Debra Davidson;1
202506;Debra Davidson;1
202507;Debra Davidson;1
202508;Debra Davidson;1
202509;Debra Davidson;1
202510;Debra Davidson;1
202511;Debra Davidson;1
202512;Debra Davidson;1
202513;Debra Davidson;1
202514;Debra Davidson;1
202515;Debra Davidson;1
202516;Debra Davidson;1
202517;Debra Davidson;1
202518;Debra Davidson;1
202519;Debra Davidson;1
202520;Debra Davidson;1
202521;Debra Davidson;1
202522;Debra Davidson;1
202523;Debra Davidson;1
202524;Debra Davidson;1
202525;Debra Davidson;1
202526;Debra Davidson;1
202527;Debra Davidson;1
202528;Debra Davidson;0
202529;Debra Davidson;0
202530;Debra Davidson;1
202531;Debra Davidson;0
202532;Debra Davidson;1
202533;Debra Davidson;1
202534;Debra Davidson;1
202535;Debra Davidson;1
202536;Debra Davidson;1
202537;Debra Davidson;1
202538;Debra Davidson;0
202539;Debra Davidson;1
202540;Debra Davidson;0
202541;Debra Davidson;1
202542;Debra Davidson;1
202543;Debra Davidson;1
202544;Debra Davidson;1
202545;Debra Davidson;1
202546;Debra Davidson;1
202547;Debra Davidson;1
202548;Debra Davidson;1
202549;Debra Davidson;1
202550;Debra Davidson;1
202551;Debra Davidson;0
202552;Debra Davidson;1
202501;Derek Zuniga;0
202502;Derek Zuniga;1
202503;Derek Zuniga;1
202504;Derek Zuniga;1
202505;Derek Zuniga;1
202506;Derek Zuniga;1
202507;Derek Zuniga;0
202508;Derek Zuniga;1
202509;Derek Zuniga;1
202510;Derek Zuniga;1
202511;Derek Zuniga;0
202512;Derek Zuniga;1
202513;Derek Zuniga;1
202514;Derek Zuniga;0
202515;Derek Zuniga;1
202516;Derek Zuniga;1
202517;Derek Zuniga;1
202518;Derek Zuniga;1
202519;Derek Zuniga;1
202520;Derek Zuniga;1
202521;Derek Zuniga;0
202522;Derek Zuniga;1
202523;Derek Zuniga;0
202524;Derek Zuniga;1
202525;Derek Zuniga;1
202526;Derek Zuniga;1
202527;Derek Zuniga;0
202528;Derek Zuniga;1
202529;Derek Zuniga;1
202530;Derek Zuniga;1
202531;Derek Zuniga;1
202532;Derek Zuniga;1
202533;Derek Zuniga;1
202534;Derek Zuniga;1
202535;Derek Zuniga;1
202536;Derek Zuniga;0
202537;Derek Zuniga;0
202538;Derek Zuniga;1
202539;Derek Zuniga;1
202540;Derek Zuniga;1
202541;Derek Zuniga;1
202542;Derek Zuniga;1
202543;Derek Zuniga;1
202544;Derek Zuniga;1
202545;Derek Zuniga;1
202546;Derek Zuniga;1
202547;Derek Zuniga;1
202548;Derek Zuniga;1
202549;Derek Zuniga;0
202550;Derek Zuniga;1
202551;Derek Zuniga;1
202552;Derek Zuniga;1
202501;Donald Wright;1
202502;Donald Wright;0
202503;Donald Wright;1
202504;Donald Wright;1
202505;Donald Wright;1
202506;Donald Wright;1
202507;Donald Wright;1
202508;Donald Wright;0
202509;Donald Wright;1
202510;Donald Wright;1
202511;Donald Wright;1
202512;Donald Wright;1
202513;Donald Wright;1
202514;Donald Wright;1
202515;Donald Wright;1
202516;Donald Wright;1
202517;Donald Wright;1
202518;Donald Wright;1
202519;Donald Wright;1
202520;Donald Wright;1
202521;Donald Wright;1
202522;Donald Wright;1
202523;Donald Wright;1
202524;Donald Wright;1
202525;Donald Wright;1
202526;Donald Wright;1
202527;Donald Wright;1
202528;Donald Wright;0
202529;Donald Wright;1
202530;Donald Wright;1
202531;Donald Wright;1
202532;Donald Wright;1
202533;Donald Wright;1
202534;Donald Wright;1
202535;Donald Wright;1
202536;Donald Wright;1
202537;Donald Wright;0
202538;Donald Wright;1
202539;Donald Wright;1
202540;Donald Wright;1
202541;Donald Wright;1
202542;Donald Wright;1
202543;Donald Wright;1
202544;Donald Wright;1
202545;Donald Wright;0
202546;Donald Wright;1
202547;Donald Wright;1
202548;Donald Wright;1
202549;Donald Wright;1
202550;Donald Wright;1
202551;Donald Wright;1
202552;Donald Wright;1
202501;Elizabeth Fowler;1
202502;Elizabeth Fowler;1
202503;Elizabeth Fowler;1
202504;Elizabeth Fowler;1
202505;Elizabeth Fowler;1
202506;Elizabeth Fowler;1
202507;Elizabeth Fowler;1
202508;Elizabeth Fowler;1
202509;Elizabeth Fowler;1
202510;Elizabeth Fowler;1
202511;Elizabeth Fowler;1
202512;Elizabeth Fowler;1
202513;Elizabeth Fowler;1
202514;Elizabeth Fowler;1
202515;Elizabeth Fowler;1
202516;Elizabeth Fowler;1
202517;Elizabeth Fowler;1
202518;Elizabeth Fowler;1
202519;Elizabeth Fowler;1
202520;Elizabeth Fowler;1
202521;Elizabeth Fowler;1
202522;Elizabeth Fowler;1
202523;Elizabeth Fowler;1
202524;Elizabeth Fowler;0
202525;Elizabeth Fowler;1
202526;Elizabeth Fowler;1
202527;Elizabeth Fowler;1
202528;Elizabeth Fowler;1
202529;Elizabeth Fowler;1
202530;Elizabeth Fowler;0
202531;Elizabeth Fowler;1
202532;Elizabeth Fowler;1
202533;Elizabeth Fowler;0
202534;Elizabeth Fowler;1
202535;Elizabeth Fowler;1
202536;Elizabeth Fowler;0
202537;Elizabeth Fowler;1
202538;Elizabeth Fowler;1
202539;Elizabeth Fowler;1
202540;Elizabeth Fowler;1
202541;Elizabeth Fowler;1
202542;Elizabeth Fowler;1
202543;Elizabeth Fowler;1
202544;Elizabeth Fowler;0
202545;Elizabeth Fowler;1
202546;Elizabeth Fowler;1
202547;Elizabeth Fowler;1
202548;Elizabeth Fowler;1
202549;Elizabeth Fowler;1
202550;Elizabeth Fowler;1
202551;Elizabeth Fowler;1
202552;Elizabeth Fowler;0
202501;Ethan Adams;0
202502;Ethan Adams;1
202503;Ethan Adams;1
202504;Ethan Adams;0
202505;Ethan Adams;1
202506;Ethan Adams;0
202507;Ethan Adams;1
202508;Ethan Adams;1
202509;Ethan Adams;1
202510;Ethan Adams;1
202511;Ethan Adams;1
202512;Ethan Adams;1
202513;Ethan Adams;1
202514;Ethan Adams;1
202515;Ethan Adams;1
202516;Ethan Adams;1
202517;Ethan Adams;1
202518;Ethan Adams;1
202519;Ethan Adams;1
202520;Ethan Adams;1
202521;Ethan Adams;1
202522;Ethan Adams;0
202523;Ethan Adams;1
202524;Ethan Adams;1
202525;Ethan Adams;1
202526;Ethan Adams;1
202527;Ethan Adams;1
202528;Ethan Adams;1
202529;Ethan Adams;1
202530;Ethan Adams;1
202531;Ethan Adams;1
202532;Ethan Adams;0
202533;Ethan Adams;1
202534;Ethan Adams;1
202535;Ethan Adams;1
202536;Ethan Adams;1
202537;Ethan Adams;1
202538;Ethan Adams;1
202539;Ethan Adams;1
202540;Ethan Adams;1
202541;Ethan Adams;1
202542;Ethan Adams;1
202543;Ethan Adams;0
202544;Ethan Adams;1
202545;Ethan Adams;1
202546;Ethan Adams;1
202547;Ethan Adams;1
202548;Ethan Adams;0
202549;Ethan Adams;1
202550;Ethan Adams;1
202551;Ethan Adams;1
202552;Ethan Adams;1
202501;Gerald Hensley;1
202502;Gerald Hensley;1
202503;Gerald Hensley;0
202504;Gerald Hensley;1
202505;Gerald Hensley;1
202506;Gerald Hensley;1
202507;Gerald Hensley;1
202508;Gerald Hensley;1
202509;Gerald Hensley;0
202510;Gerald Hensley;0
202511;Gerald Hensley;1
202512;Gerald Hensley;1
202513;Gerald Hensley;0
202514;Gerald Hensley;1
202515;Gerald Hensley;1
202516;Gerald Hensley;1
202517;Gerald Hensley;1
202518;Gerald Hensley;1
202519;Gerald Hensley;1
202520;Gerald Hensley;1
202521;Gerald Hensley;1
202522;Gerald Hensley;1
202523;Gerald Hensley;1
202524;Gerald Hensley;1
202525;Gerald Hensley;1
202526;Gerald Hensley;1
202527;Gerald Hensley;1
202528;Gerald Hensley;1
202529;Gerald Hensley;1
202530;Gerald Hensley;1
202531;Gerald Hensley;1
202532;Gerald Hensley;1
202533;Gerald Hensley;1
202534;Gerald Hensley;1
202535;Gerald Hensley;1
202536;Gerald Hensley;1
202537;Gerald Hensley;1
202538;Gerald Hensley;0
202539;Gerald Hensley;1
202540;Gerald Hensley;1
202541;Gerald Hensley;1
202542;Gerald Hensley;0
202543;Gerald Hensley;1
202544;Gerald Hensley;1
202545;Gerald Hensley;1
202546;Gerald Hensley;0
202547;Gerald Hensley;1
202548;Gerald Hensley;1
202549;Gerald Hensley;1
202550;Gerald Hensley;1
202551;Gerald Hensley;1
202552;Gerald Hensley;1
202501;Gina Moore;1
202502;Gina Moore;1
202503;Gina Moore;1
202504;Gina Moore;1
202505;Gina Moore;1
202506;Gina Moore;0
202507;Gina Moore;1
202508;Gina Moore;1
202509;Gina Moore;1
202510;Gina Moore;1
202511;Gina Moore;1
202512;Gina Moore;1
202513;Gina Moore;1
202514;Gina Moore;1
202515;Gina Moore;1
202516;Gina Moore;1
202517;Gina Moore;1
202518;Gina Moore;1
202519;Gina Moore;1
202520;Gina Moore;1
202521;Gina Moore;0
202522;Gina Moore;0
202523;Gina Moore;1
202524;Gina Moore;1
202525;Gina Moore;1
202526;Gina Moore;1
202527;Gina Moore;1
202528;Gina Moore;1
202529;Gina Moore;1
202530;Gina Moore;1
202531;Gina Moore;1
202532;Gina Moore;0
202533;Gina Moore;1
202534;Gina Moore;1
202535;Gina Moore;1
202536;Gina Moore;0
202537;Gina Moore;1
202538;Gina Moore;1
202539;Gina Moore;1
202540;Gina Moore;1
202541;Gina Moore;0
202542;Gina Moore;1
202543;Gina Moore;1
202544;Gina Moore;1
202545;Gina Moore;1
202546;Gina Moore;1
202547;Gina Moore;1
202548;Gina Moore;1
202549;Gina Moore;1
202550;Gina Moore;1
202551;Gina Moore;1
202552;Gina Moore;1
202501;Holly Wood;1
202502;Holly Wood;0
202503;Holly Wood;1
202504;Holly Wood;1
202505;Holly Wood;1
202506;Holly Wood;0
202507;Holly Wood;1
202508;Holly Wood;1
202509;Holly Wood;0
202510;Holly Wood;1
202511;Holly Wood;1
202512;Holly Wood;1
202513;Holly Wood;1
202514;Holly Wood;1
202515;Holly Wood;1
202516;Holly Wood;1
202517;Holly Wood;1
202518;Holly Wood;1
202519;Holly Wood;0
202520;Holly Wood;1
202521;Holly Wood;1
202522;Holly Wood;1
202523;Holly Wood;1
202524;Holly Wood;1
202525;Holly Wood;1
202526;Holly Wood;0
202527;Holly Wood;1
202528;Holly Wood;0
202529;Holly Wood;1
202530;Holly Wood;1
202531;Holly Wood;1
202532;Holly Wood;1
202533;Holly Wood;1
202534;Holly Wood;1
202535;Holly Wood;0
202536;Holly Wood;1
202537;Holly Wood;1
202538;Holly Wood;0
202539;Holly Wood;1
202540;Holly Wood;1
202541;Holly Wood;1
202542;Holly Wood;1
202543;Holly Wood;1
202544;Holly Wood;1
202545;Holly Wood;1
202546;Holly Wood;1
202547;Holly Wood;1
202548;Holly Wood;0
202549;Holly Wood;1
202550;Holly Wood;1
202551;Holly Wood;1
202552;Holly Wood;1
202501;James Brown;1
202502;James Brown;1
202503;James Brown;1
202504;James Brown;1
202505;James Brown;0
202506;James Brown;1
202507;James Brown;1
202508;James Brown;1
202509;James Brown;1
202510;James Brown;1
202511;James Brown;1
202512;James Brown;0
202513;James Brown;1
202514;James Brown;0
202515;James Brown;1
202516;James Brown;1
202517;James Brown;1
202518;James Brown;1
202519;James Brown;0
202520;James Brown;1
202521;James Brown;0
202522;James Brown;1
202523;James Brown;1
202524;James Brown;1
202525;James Brown;1
202526;James Brown;1
202527;James Brown;1
202528;James Brown;1
202529;James Brown;1
202530;James Brown;0
202531;James Brown;0
202532;James Brown;1
202533;James Brown;0
202534;James Brown;1
202535;James Brown;1
202536;James Brown;1
202537;James Brown;1
202538;James Brown;1
202539;James Brown;0
202540;James Brown;1
202541;James Brown;1
202542;James Brown;1
202543;James Brown;1
202544;James Brown;1
202545;James Brown;0
202546;James Brown;1
202547;James Brown;1
202548;James Brown;1
202549;James Brown;1
202550;James Brown;1
202551;James Brown;1
202552;James Brown;1
202501;James Ferrell;0
202502;James Ferrell;1
202503;James Ferrell;1
202504;James Ferrell;1
202505;James Ferrell;1
202506;James Ferrell;1
202507;James Ferrell;0
202508;James Ferrell;1
202509;James Ferrell;1
202510;James Ferrell;1
202511;James Ferrell;1
202512;James Ferrell;1
202513;James Ferrell;1
202514;James Ferrell;1
202515;James Ferrell;1
202516;James Ferrell;1
202517;James Ferrell;1
202518;James Ferrell;0
202519;James Ferrell;1
202520;James Ferrell;1
202521;James Ferrell;1
202522;James Ferrell;1
202523;James Ferrell;1
202524;James Ferrell;0
202525;James Ferrell;1
202526;James Ferrell;1
202527;James Ferrell;1
202528;James Ferrell;1
202529;James Ferrell;0
202530;James Ferrell;1
202531;James Ferrell;0
202532;James Ferrell;1
202533;James Ferrell;1
202534;James Ferrell;1
202535;James Ferrell;1
202536;James Ferrell;1
202537;James Ferrell;0
202538;James Ferrell;1
202539;James Ferrell;1
202540;James Ferrell;1
202541;James Ferrell;1
202542;James Ferrell;1
202543;James Ferrell;1
202544;James Ferrell;0
202545;James Ferrell;1
202546;James Ferrell;1
202547;James Ferrell;1
202548;James Ferrell;1
202549;James Ferrell;1
202550;James Ferrell;1
202551;James Ferrell;1
202552;James Ferrell;1
202501;Jamie Arnold;1
202502;Jamie Arnold;1
202503;Jamie Arnold;1
202504;Jamie Arnold;1
202505;Jamie Arnold;0
202506;Jamie Arnold;1
202507;Jamie Arnold;1
202508;Jamie Arnold;1
202509;Jamie Arnold;1
202510;Jamie Arnold;1
202511;Jamie Arnold;1
202512;Jamie Arnold;1
202513;Jamie Arnold;0
202514;Jamie Arnold;1
202515;Jamie Arnold;1
202516;Jamie Arnold;0
202517;Jamie Arnold;1
202518;Jamie Arnold;1
202519;Jamie Arnold;1
202520;Jamie Arnold;1
202521;Jamie Arnold;1
202522;Jamie Arnold;1
202523;Jamie Arnold;1
202524;Jamie Arnold;1
202525;Jamie Arnold;1
202526;Jamie Arnold;1
202527;Jamie Arnold;1
202528;Jamie Arnold;1
202529;Jamie Arnold;1
202530;Jamie Arnold;1
202531;Jamie Arnold;1
202532;Jamie Arnold;1
202533;Jamie Arnold;1
202534;Jamie Arnold;0
202535;Jamie Arnold;1
202536;Jamie Arnold;0
202537;Jamie Arnold;1
202538;Jamie Arnold;1
202539;Jamie Arnold;1
202540;Jamie Arnold;1
202541;Jamie Arnold;1
202542;Jamie Arnold;1
202543;Jamie Arnold;1
202544;Jamie Arnold;1
202545;Jamie Arnold;0
202546;Jamie Arnold;1
202547;Jamie Arnold;1
202548;Jamie Arnold;1
202549;Jamie Arnold;1
202550;Jamie Arnold;1
202551;Jamie Arnold;1
202552;Jamie Arnold;1
202501;Jeffrey Chavez;1
202502;Jeffrey Chavez;0
202503;Jeffrey Chavez;1
202504;Jeffrey Chavez;1
202505;Jeffrey Chavez;1
202506;Jeffrey Chavez;1
202507;Jeffrey Chavez;1
202508;Jeffrey Chavez;1
202509;Jeffrey Chavez;0
202510;Jeffrey Chavez;1
202511;Jeffrey Chavez;1
202512;Jeffrey Chavez;0
202513;Jeffrey Chavez;1
202514;Jeffrey Chavez;1
202515;Jeffrey Chavez;1
202516;Jeffrey Chavez;1
202517;Jeffrey Chavez;1
202518;Jeffrey Chavez;1
202519;Jeffrey Chavez;1
202520;Jeffrey Chavez;1
202521;Jeffrey Chavez;1
202522;Jeffrey Chavez;1
202523;Jeffrey Chavez;1
202524;Jeffrey Chavez;1
202525;Jeffrey Chavez;1
202526;Jeffrey Chavez;1
202527;Jeffrey Chavez;1
202528;Jeffrey Chavez;0
202529;Jeffrey Chavez;1
202530;Jeffrey Chavez;1
202531;Jeffrey Chavez;1
202532;Jeffrey Chavez;1
202533;Jeffrey Chavez;0
202534;Jeffrey Chavez;0
202535;Jeffrey Chavez;1
202536;Jeffrey Chavez;0
202537;Jeffrey Chavez;1
202538;Jeffrey Chavez;0
202539;Jeffrey Chavez;1
202540;Jeffrey Chavez;1
202541;Jeffrey Chavez;1
202542;Jeffrey Chavez;1
202543;Jeffrey Chavez;1
202544;Jeffrey Chavez;1
202545;Jeffrey Chavez;1
202546;Jeffrey Chavez;1
202547;Jeffrey Chavez;1
202548;Jeffrey Chavez;0
202549;Jeffrey Chavez;1
202550;Jeffrey Chavez;1
202551;Jeffrey Chavez;1
202552;Jeffrey Chavez;1
202501;Jessica Holmes;1
202502;Jessica Holmes;1
202503;Jessica Holmes;0
202504;Jessica Holmes;1
202505;Jessica Holmes;0
202506;Jessica Holmes;1
202507;Jessica Holmes;1
202508;Jessica Holmes;1
202509;Jessica Holmes;1
202510;Jessica Holmes;1
202511;Jessica Holmes;0
202512;Jessica Holmes;1
202513;Jessica Holmes;1
202514;Jessica Holmes;1
202515;Jessica Holmes;1
202516;Jessica Holmes;1
202517;Jessica Holmes;1
202518;Jessica Holmes;1
202519;Jessica Holmes;1
202520;Jessica Holmes;1
202521;Jessica Holmes;1
202522;Jessica Holmes;1
202523;Jessica Holmes;1
202524;Jessica Holmes;1
202525;Jessica Holmes;1
202526;Jessica Holmes;0
202527;Jessica Holmes;1
202528;Jessica Holmes;0
202529;Jessica Holmes;1
202530;Jessica Holmes;1
202531;Jessica Holmes;0
202532;Jessica Holmes;0
202533;Jessica Holmes;1
202534;Jessica Holmes;0
202535;Jessica Holmes;1
202536;Jessica Holmes;0
202537;Jessica Holmes;1
202538;Jessica Holmes;1
202539;Jessica Holmes;1
202540;Jessica Holmes;1
202541;Jessica Holmes;1
202542;Jessica Holmes;1
202543;Jessica Holmes;1
202544;Jessica Holmes;1
202545;Jessica Holmes;1
202546;Jessica Holmes;1
202547;Jessica Holmes;1
202548;Jessica Holmes;0
202549;Jessica Holmes;1
202550;Jessica Holmes;1
202551;Jessica Holmes;1
202552;Jessica Holmes;1
202501;John Whitehead;1
202502;John Whitehead;1
202503;John Whitehead;1
202504;John Whitehead;0
202505;John Whitehead;1
202506;John Whitehead;1
202507;John Whitehead;0
202508;John Whitehead;1
202509;John Whitehead;1
202510;John Whitehead;1
202511;John Whitehead;1
202512;John Whitehead;0
202513;John Whitehead;1
202514;John Whitehead;1
202515;John Whitehead;0
202516;John Whitehead;1
202517;John Whitehead;1
202518;John Whitehead;1
202519;John Whitehead;1
202520;John Whitehead;1
202521;John Whitehead;1
202522;John Whitehead;1
202523;John Whitehead;1
202524;John Whitehead;1
202525;John Whitehead;1
202526;John Whitehead;1
202527;John Whitehead;1
202528;John Whitehead;1
202529;John Whitehead;1
202530;John Whitehead;1
202531;John Whitehead;1
202532;John Whitehead;1
202533;John Whitehead;1
202534;John Whitehead;1
202535;John Whitehead;1
202536;John Whitehead;1
202537;John Whitehead;1
202538;John Whitehead;1
202539;John Whitehead;1
202540;John Whitehead;1
202541;John Whitehead;1
202542;John Whitehead;1
202543;John Whitehead;0
202544;John Whitehead;1
202545;John Whitehead;0
202546;John Whitehead;1
202547;John Whitehead;1
202548;John Whitehead;1
202549;John Whitehead;1
202550;John Whitehead;1
202551;John Whitehead;1
202552;John Whitehead;1
202501;Joshua Blair;1
202502;Joshua Blair;1
202503;Joshua Blair;1
202504;Joshua Blair;1
202505;Joshua Blair;1
202506;Joshua Blair;1
202507;Joshua Blair;1
202508;Joshua Blair;1
202509;Joshua Blair;1
202510;Joshua Blair;1
202511;Joshua Blair;1
202512;Joshua Blair;1
202513;Joshua Blair;1
202514;Joshua Blair;1
202515;Joshua Blair;1
202516;Joshua Blair;1
202517;Joshua Blair;1
202518;Joshua Blair;1
202519;Joshua Blair;1
202520;Joshua Blair;0
202521;Joshua Blair;1
202522;Joshua Blair;1
202523;Joshua Blair;1
202524;Joshua Blair;1
202525;Joshua Blair;1
202526;Joshua Blair;1
202527;Joshua Blair;1
202528;Joshua Blair;0
202529;Joshua Blair;1
202530;Joshua Blair;1
202531;Joshua Blair;1
202532;Joshua Blair;1
202533;Joshua Blair;1
202534;Joshua Blair;1
202535;Joshua Blair;0
202536;Joshua Blair;1
202537;Joshua Blair;1
202538;Joshua Blair;0
202539;Joshua Blair;1
202540;Joshua Blair;1
202541;Joshua Blair;1
202542;Joshua Blair;0
202543;Joshua Blair;1
202544;Joshua Blair;1
202545;Joshua Blair;1
202546;Joshua Blair;0
202547;Joshua Blair;1
202548;Joshua Blair;0
202549;Joshua Blair;1
202550;Joshua Blair;1
202551;Joshua Blair;1
202552;Joshua Blair;1
202501;Lisa Archer;1
202502;Lisa Archer;0
202503;Lisa Archer;1
202504;Lisa Archer;1
202505;Lisa Archer;1
202506;Lisa Archer;1
202507;Lisa Archer;1
202508;Lisa Archer;1
202509;Lisa Archer;0
202510;Lisa Archer;1
202511;Lisa Archer;1
202512;Lisa Archer;1
202513;Lisa Archer;1
202514;Lisa Archer;1
202515;Lisa Archer;0
202516;Lisa Archer;1
202517;Lisa Archer;1
202518;Lisa Archer;1
202519;Lisa Archer;1
202520;Lisa Archer;1
202521;Lisa Archer;1
202522;Lisa Archer;1
202523;Lisa Archer;1
202524;Lisa Archer;1
202525;Lisa Archer;1
202526;Lisa Archer;0
202527;Lisa Archer;1
202528;Lisa Archer;1
202529;Lisa Archer;1
202530;Lisa Archer;1
202531;Lisa Archer;1
202532;Lisa Archer;1
202533;Lisa Archer;1
202534;Lisa Archer;1
202535;Lisa Archer;1
202536;Lisa Archer;1
202537;Lisa Archer;1
202538;Lisa Archer;0
202539;Lisa Archer;1
202540;Lisa Archer;1
202541;Lisa Archer;1
202542;Lisa Archer;1
202543;Lisa Archer;1
202544;Lisa Archer;1
202545;Lisa Archer;1
202546;Lisa Archer;1
202547;Lisa Archer;1
202548;Lisa Archer;1
202549;Lisa Archer;1
202550;Lisa Archer;1
202551;Lisa Archer;1
202552;Lisa Archer;0
202501;Lisa Barnes;1
202502;Lisa Barnes;1
202503;Lisa Barnes;1
202504;Lisa Barnes;0
202505;Lisa Barnes;1
202506;Lisa Barnes;1
202507;Lisa Barnes;1
202508;Lisa Barnes;1
202509;Lisa Barnes;1
202510;Lisa Barnes;1
202511;Lisa Barnes;1
202512;Lisa Barnes;1
202513;Lisa Barnes;1
202514;Lisa Barnes;0
202515;Lisa Barnes;1
202516;Lisa Barnes;0
202517;Lisa Barnes;1
202518;Lisa Barnes;0
202519;Lisa Barnes;1
202520;Lisa Barnes;1
202521;Lisa Barnes;1
202522;Lisa Barnes;1
202523;Lisa Barnes;1
202524;Lisa Barnes;1
202525;Lisa Barnes;1
202526;Lisa Barnes;0
202527;Lisa Barnes;1
202528;Lisa Barnes;1
202529;Lisa Barnes;1
202530;Lisa Barnes;1
202531;Lisa Barnes;1
202532;Lisa Barnes;1
202533;Lisa Barnes;0
202534;Lisa Barnes;1
202535;Lisa Barnes;1
202536;Lisa Barnes;1
202537;Lisa Barnes;1
202538;Lisa Barnes;1
202539;Lisa Barnes;0
202540;Lisa Barnes;1
202541;Lisa Barnes;1
202542;Lisa Barnes;1
202543;Lisa Barnes;1
202544;Lisa Barnes;1
202545;Lisa Barnes;1
202546;Lisa Barnes;1
202547;Lisa Barnes;1
202548;Lisa Barnes;1
202549;Lisa Barnes;1
202550;Lisa Barnes;0
202551;Lisa Barnes;1
202552;Lisa Barnes;1
202501;Lisa Hensley;1
202502;Lisa Hensley;1
202503;Lisa Hensley;1
202504;Lisa Hensley;1
202505;Lisa Hensley;1
202506;Lisa Hensley;0
202507;Lisa Hensley;1
202508;Lisa Hensley;0
202509;Lisa Hensley;1
202510;Lisa Hensley;0
202511;Lisa Hensley;1
202512;Lisa Hensley;0
202513;Lisa Hensley;1
202514;Lisa Hensley;0
202515;Lisa Hensley;1
202516;Lisa Hensley;1
202517;Lisa Hensley;1
202518;Lisa Hensley;1
202519;Lisa Hensley;1
202520;Lisa Hensley;0
202521;Lisa Hensley;1
202522;Lisa Hensley;1
202523;Lisa Hensley;1
202524;Lisa Hensley;1
202525;Lisa Hensley;1
202526;Lisa Hensley;1
202527;Lisa Hensley;1
202528;Lisa Hensley;1
202529;Lisa Hensley;1
202530;Lisa Hensley;1
202531;Lisa Hensley;1
202532;Lisa Hensley;1
202533;Lisa Hensley;1
202534;Lisa Hensley;1
202535;Lisa Hensley;1
202536;Lisa Hensley;1
202537;Lisa Hensley;1
202538;Lisa Hensley;1
202539;Lisa Hensley;1
202540;Lisa Hensley;1
202541;Lisa Hensley;1
202542;Lisa Hensley;1
202543;Lisa Hensley;1
202544;Lisa Hensley;1
202545;Lisa Hensley;1
202546;Lisa Hensley;1
202547;Lisa Hensley;1
202548;Lisa Hensley;1
202549;Lisa Hensley;1
202550;Lisa Hensley;1
202551;Lisa Hensley;1
202552;Lisa Hensley;1
202501;Lisa Jackson;1
202502;Lisa Jackson;1
202503;Lisa Jackson;1
202504;Lisa Jackson;1
202505;Lisa Jackson;1
202506;Lisa Jackson;1
202507;Lisa Jackson;0
202508;Lisa Jackson;1
202509;Lisa Jackson;1
202510;Lisa Jackson;1
202511;Lisa Jackson;1
202512;Lisa Jackson;1
202513;Lisa Jackson;0
202514;Lisa Jackson;1
202515;Lisa Jackson;0
202516;Lisa Jackson;1
202517;Lisa Jackson;0
202518;Lisa Jackson;1
202519;Lisa Jackson;0
202520;Lisa Jackson;1
202521;Lisa Jackson;1
202522;Lisa Jackson;1
202523;Lisa Jackson;1
202524;Lisa Jackson;1
202525;Lisa Jackson;1
202526;Lisa Jackson;1
202527;Lisa Jackson;1
202528;Lisa Jackson;1
202529;Lisa Jackson;0
202530;Lisa Jackson;1
202531;Lisa Jackson;1
202532;Lisa Jackson;1
202533;Lisa Jackson;1
202534;Lisa Jackson;0
202535;Lisa Jackson;1
202536;Lisa Jackson;1
202537;Lisa Jackson;0
202538;Lisa Jackson;1
202539;Lisa Jackson;1
202540;Lisa Jackson;1
202541;Lisa Jackson;1
202542;Lisa Jackson;1
202543;Lisa Jackson;1
202544;Lisa Jackson;1
202545;Lisa Jackson;1
202546;Lisa Jackson;1
202547;Lisa Jackson;1
202548;Lisa Jackson;1
202549;Lisa Jackson;1
202550;Lisa Jackson;1
202551;Lisa Jackson;1
202552;Lisa Jackson;1
202501;Margaret Hawkins DDS;1
202502;Margaret Hawkins DDS;0
202503;Margaret Hawkins DDS;1
202504;Margaret Hawkins DDS;1
202505;Margaret Hawkins DDS;0
202506;Margaret Hawkins DDS;1
202507;Margaret Hawkins DDS;1
202508;Margaret Hawkins DDS;1
202509;Margaret Hawkins DDS;0
202510;Margaret Hawkins DDS;1
202511;Margaret Hawkins DDS;1
202512;Margaret Hawkins DDS;1
202513;Margaret Hawkins DDS;1
202514;Margaret Hawkins DDS;1
202515;Margaret Hawkins DDS;1
202516;Margaret Hawkins DDS;1
202517;Margaret Hawkins DDS;1
202518;Margaret Hawkins DDS;1
202519;Margaret Hawkins DDS;1
202520;Margaret Hawkins DDS;1
202521;Margaret Hawkins DDS;1
202522;Margaret Hawkins DDS;1
202523;Margaret Hawkins DDS;1
202524;Margaret Hawkins DDS;1
202525;Margaret Hawkins DDS;1
202526;Margaret Hawkins DDS;1
202527;Margaret Hawkins DDS;1
202528;Margaret Hawkins DDS;1
202529;Margaret Hawkins DDS;1
202530;Margaret Hawkins DDS;0
202531;Margaret Hawkins DDS;1
202532;Margaret Hawkins DDS;1
202533;Margaret Hawkins DDS;0
202534;Margaret Hawkins DDS;0
202535;Margaret Hawkins DDS;1
202536;Margaret Hawkins DDS;1
202537;Margaret Hawkins DDS;1
202538;Margaret Hawkins DDS;1
202539;Margaret Hawkins DDS;1
202540;Margaret Hawkins DDS;1
202541;Margaret Hawkins DDS;0
202542;Margaret Hawkins DDS;1
202543;Margaret Hawkins DDS;1
202544;Margaret Hawkins DDS;1
202545;Margaret Hawkins DDS;1
202546;Margaret Hawkins DDS;1
202547;Margaret Hawkins DDS;1
202548;Margaret Hawkins DDS;1
202549;Margaret Hawkins DDS;1
202550;Margaret Hawkins DDS;1
202551;Margaret Hawkins DDS;1
202552;Margaret Hawkins DDS;1
202501;Michele Williams;1
202502;Michele Williams;1
202503;Michele Williams;1
202504;Michele Williams;1
202505;Michele Williams;1
202506;Michele Williams;1
202507;Michele Williams;1
202508;Michele Williams;1
202509;Michele Williams;0
202510;Michele Williams;1
202511;Michele Williams;0
202512;Michele Williams;1
202513;Michele Williams;1
202514;Michele Williams;1
202515;Michele Williams;1
202516;Michele Williams;1
202517;Michele Williams;0
202518;Michele Williams;1
202519;Michele Williams;1
202520;Michele Williams;0
202521;Michele Williams;1
202522;Michele Williams;1
202523;Michele Williams;0
202524;Michele Williams;0
202525;Michele Williams;0
202526;Michele Williams;1
202527;Michele Williams;1
202528;Michele Williams;1
202529;Michele Williams;1
202530;Michele Williams;1
202531;Michele Williams;1
202532;Michele Williams;1
202533;Michele Williams;0
202534;Michele Williams;1
202535;Michele Williams;1
202536;Michele Williams;1
202537;Michele Williams;1
202538;Michele Williams;0
202539;Michele Williams;1
202540;Michele Williams;0
202541;Michele Williams;1
202542;Michele Williams;1
202543;Michele Williams;1
202544;Michele Williams;1
202545;Michele Williams;1
202546;Michele Williams;1
202547;Michele Williams;1
202548;Michele Williams;1
202549;Michele Williams;1
202550;Michele Williams;1
202551;Michele Williams;1
202552;Michele Williams;1
202501;Monica Herrera;1
202502;Monica Herrera;1
202503;Monica Herrera;1
202504;Monica Herrera;1
202505;Monica Herrera;1
202506;Monica Herrera;1
202507;Monica Herrera;1
202508;Monica Herrera;1
202509;Monica Herrera;1
202510;Monica Herrera;1
202511;Monica Herrera;1
202512;Monica Herrera;1
202513;Monica Herrera;1
202514;Monica Herrera;1
202515;Monica Herrera;1
202516;Monica Herrera;1
202517;Monica Herrera;1
202518;Monica Herrera;1
202519;Monica Herrera;0
202520;Monica Herrera;1
202521;Monica Herrera;1
202522;Monica Herrera;0
202523;Monica Herrera;1
202524;Monica Herrera;0
202525;Monica Herrera;1
202526;Monica Herrera;1
202527;Monica Herrera;1
202528;Monica Herrera;1
202529;Monica Herrera;0
202530;Monica Herrera;1
202531;Monica Herrera;1
202532;Monica Herrera;1
202533;Monica Herrera;0
202534;Monica Herrera;1
202535;Monica Herrera;1
202536;Monica Herrera;1
202537;Monica Herrera;1
202538;Monica Herrera;1
202539;Monica Herrera;1
202540;Monica Herrera;1
202541;Monica Herrera;0
202542;Monica Herrera;0
202543;Monica Herrera;1
202544;Monica Herrera;1
202545;Monica Herrera;1
202546;Monica Herrera;1
202547;Monica Herrera;1
202548;Monica Herrera;1
202549;Monica Herrera;1
202550;Monica Herrera;1
202551;Monica Herrera;1
202552;Monica Herrera;1
202501;Noah Rhodes;1
202502;Noah Rhodes;1
202503;Noah Rhodes;1
202504;Noah Rhodes;1
202505;Noah Rhodes;1
202506;Noah Rhodes;1
202507;Noah Rhodes;0
202508;Noah Rhodes;1
202509;Noah Rhodes;1
202510;Noah Rhodes;0
202511;Noah Rhodes;1
202512;Noah Rhodes;1
202513;Noah Rhodes;1
202514;Noah Rhodes;0
202515;Noah Rhodes;1
202516;Noah Rhodes;1
202517;Noah Rhodes;1
202518;Noah Rhodes;1
202519;Noah Rhodes;0
202520;Noah Rhodes;1
202521;Noah Rhodes;0
202522;Noah Rhodes;0
202523;Noah Rhodes;1
202524;Noah Rhodes;1
202525;Noah Rhodes;0
202526;Noah Rhodes;1
202527;Noah Rhodes;0
202528;Noah Rhodes;1
202529;Noah Rhodes;1
202530;Noah Rhodes;1
202531;Noah Rhodes;1
202532;Noah Rhodes;1
202533;Noah Rhodes;1
202534;Noah Rhodes;1
202535;Noah Rhodes;1
202536;Noah Rhodes;1
202537;Noah Rhodes;1
202538;Noah Rhodes;1
202539;Noah Rhodes;1
202540;Noah Rhodes;1
202541;Noah Rhodes;0
202542;Noah Rhodes;1
202543;Noah Rhodes;1
202544;Noah Rhodes;1
202545;Noah Rhodes;1
202546;Noah Rhodes;1
202547;Noah Rhodes;1
202548;Noah Rhodes;1
202549;Noah Rhodes;1
202550;Noah Rhodes;0
202551;Noah Rhodes;1
202552;Noah Rhodes;1
202501;Patty Perez;1
202502;Patty Perez;1
202503;Patty Perez;1
202504;Patty Perez;1
202505;Patty Perez;1
202506;Patty Perez;1
202507;Patty Perez;1
202508;Patty Perez;1
202509;Patty Perez;1
202510;Patty Perez;1
202511;Patty Perez;1
202512;Patty Perez;0
202513;Patty Perez;1
202514;Patty Perez;1
202515;Patty Perez;1
202516;Patty Perez;1
202517;Patty Perez;1
202518;Patty Perez;0
202519;Patty Perez;0
202520;Patty Perez;1
202521;Patty Perez;1
202522;Patty Perez;0
202523;Patty Perez;0
202524;Patty Perez;1
202525;Patty Perez;1
202526;Patty Perez;1
202527;Patty Perez;1
202528;Patty Perez;1
202529;Patty Perez;1
202530;Patty Perez;1
202531;Patty Perez;0
202532;Patty Perez;1
202533;Patty Perez;0
202534;Patty Perez;0
202535;Patty Perez;1
202536;Patty Perez;1
202537;Patty Perez;1
202538;Patty Perez;1
202539;Patty Perez;1
202540;Patty Perez;1
202541;Patty Perez;1
202542;Patty Perez;1
202543;Patty Perez;1
202544;Patty Perez;1
202545;Patty Perez;1
202546;Patty Perez;1
202547;Patty Perez;1
202548;Patty Perez;1
202549;Patty Perez;1
202550;Patty Perez;0
202551;Patty Perez;1
202552;Patty Perez;1
202501;Paula Moreno;1
202502;Paula Moreno;1
202503;Paula Moreno;1
202504;Paula Moreno;1
202505;Paula Moreno;1
202506;Paula Moreno;1
202507;Paula Moreno;1
202508;Paula Moreno;1
202509;Paula Moreno;0
202510;Paula Moreno;1
202511;Paula Moreno;1
202512;Paula Moreno;0
202513;Paula Moreno;1
202514;Paula Moreno;1
202515;Paula Moreno;1
202516;Paula Moreno;1
202517;Paula Moreno;1
202518;Paula Moreno;0
202519;Paula Moreno;1
202520;Paula Moreno;1
202521;Paula Moreno;1
202522;Paula Moreno;1
202523;Paula Moreno;1
202524;Paula Moreno;1
202525;Paula Moreno;1
202526;Paula Moreno;1
202527;Paula Moreno;1
202528;Paula Moreno;1
202529;Paula Moreno;1
202530;Paula Moreno;1
202531;Paula Moreno;1
202532;Paula Moreno;1
202533;Paula Moreno;1
202534;Paula Moreno;0
202535;Paula Moreno;0
202536;Paula Moreno;1
202537;Paula Moreno;0
202538;Paula Moreno;1
202539;Paula Moreno;1
202540;Paula Moreno;0
202541;Paula Moreno;1
202542;Paula Moreno;1
202543;Paula Moreno;1
202544;Paula Moreno;1
202545;Paula Moreno;1
202546;Paula Moreno;1
202547;Paula Moreno;1
202548;Paula Moreno;1
202549;Paula Moreno;1
202550;Paula Moreno;1
202551;Paula Moreno;1
202552;Paula Moreno;1
202501;Rebecca Henderson;0
202502;Rebecca Henderson;1
202503;Rebecca Henderson;1
202504;Rebecca Henderson;1
202505;Rebecca Henderson;1
202506;Rebecca Henderson;1
202507;Rebecca Henderson;1
202508;Rebecca Henderson;1
202509;Rebecca Henderson;1
202510;Rebecca Henderson;1
202511;Rebecca Henderson;1
202512;Rebecca Henderson;1
202513;Rebecca Henderson;0
202514;Rebecca Henderson;1
202515;Rebecca Henderson;1
202516;Rebecca Henderson;1
202517;Rebecca Henderson;1
202518;Rebecca Henderson;1
202519;Rebecca Henderson;1
202520;Rebecca Henderson;1
202521;Rebecca Henderson;1
202522;Rebecca Henderson;1
202523;Rebecca Henderson;1
202524;Rebecca Henderson;1
202525;Rebecca Henderson;1
202526;Rebecca Henderson;1
202527;Rebecca Henderson;1
202528;Rebecca Henderson;1
202529;Rebecca Henderson;1
202530;Rebecca Henderson;0
202531;Rebecca Henderson;1
202532;Rebecca Henderson;1
202533;Rebecca Henderson;0
202534;Rebecca Henderson;1
202535;Rebecca Henderson;1
202536;Rebecca Henderson;1
202537;Rebecca Henderson;1
202538;Rebecca Henderson;1
202539;Rebecca Henderson;0
202540;Rebecca Henderson;1
202541;Rebecca Henderson;1
202542;Rebecca Henderson;1
202543;Rebecca Henderson;1
202544;Rebecca Henderson;1
202545;Rebecca Henderson;0
202546;Rebecca Henderson;1
202547;Rebecca Henderson;1
202548;Rebecca Henderson;1
202549;Rebecca Henderson;1
202550;Rebecca Henderson;1
202551;Rebecca Henderson;1
202552;Rebecca Henderson;1
202501;Ryan Munoz;1
202502;Ryan Munoz;1
202503;Ryan Munoz;1
202504;Ryan Munoz;1
202505;Ryan Munoz;1
202506;Ryan Munoz;1
202507;Ryan Munoz;1
202508;Ryan Munoz;0
202509;Ryan Munoz;1
202510;Ryan Munoz;1
202511;Ryan Munoz;1
202512;Ryan Munoz;1
202513;Ryan Munoz;1
202514;Ryan Munoz;1
202515;Ryan Munoz;0
202516;Ryan Munoz;1
202517;Ryan Munoz;1
202518;Ryan Munoz;1
202519;Ryan Munoz;1
202520;Ryan Munoz;0
202521;Ryan Munoz;1
202522;Ryan Munoz;0
202523;Ryan Munoz;0
202524;Ryan Munoz;1
202525;Ryan Munoz;1
202526;Ryan Munoz;0
202527;Ryan Munoz;1
202528;Ryan Munoz;1
202529;Ryan Munoz;1
202530;Ryan Munoz;1
202531;Ryan Munoz;1
202532;Ryan Munoz;0
202533;Ryan Munoz;1
202534;Ryan Munoz;1
202535;Ryan Munoz;1
202536;Ryan Munoz;1
202537;Ryan Munoz;1
202538;Ryan Munoz;0
202539;Ryan Munoz;1
202540;Ryan Munoz;1
202541;Ryan Munoz;1
202542;Ryan Munoz;0
202543;Ryan Munoz;1
202544;Ryan Munoz;1
202545;Ryan Munoz;1
202546;Ryan Munoz;0
202547;Ryan Munoz;1
202548;Ryan Munoz;1
202549;Ryan Munoz;1
202550;Ryan Munoz;1
202551;Ryan Munoz;1
202552;Ryan Munoz;1
202501;Sarah Moore;1
202502;Sarah Moore;1
202503;Sarah Moore;1
202504;Sarah Moore;1
202505;Sarah Moore;0
202506;Sarah Moore;0
202507;Sarah Moore;0
202508;Sarah Moore;1
202509;Sarah Moore;1
202510;Sarah Moore;1
202511;Sarah Moore;1
202512;Sarah Moore;1
202513;Sarah Moore;1
202514;Sarah Moore;1
202515;Sarah Moore;1
202516;Sarah Moore;1
202517;Sarah Moore;1
202518;Sarah Moore;1
202519;Sarah Moore;1
202520;Sarah Moore;0
202521;Sarah Moore;0
202522;Sarah Moore;1
202523;Sarah Moore;1
202524;Sarah Moore;1
202525;Sarah Moore;1
202526;Sarah Moore;1
202527;Sarah Moore;1
202528;Sarah Moore;1
202529;Sarah Moore;1
202530;Sarah Moore;1
202531;Sarah Moore;1
202532;Sarah Moore;0
202533;Sarah Moore;1
202534;Sarah Moore;1
202535;Sarah Moore;1
202536;Sarah Moore;1
202537;Sarah Moore;1
202538;Sarah Moore;0
202539;Sarah Moore;1
202540;Sarah Moore;1
202541;Sarah Moore;1
202542;Sarah Moore;1
202543;Sarah Moore;1
202544;Sarah Moore;1
202545;Sarah Moore;1
202546;Sarah Moore;1
202547;Sarah Moore;1
202548;Sarah Moore;1
202549;Sarah Moore;1
202550;Sarah Moore;1
202551;Sarah Moore;1
202552;Sarah Moore;1
202501;Shane Henderson;1
202502;Shane Henderson;1
202503;Shane Henderson;1
202504;Shane Henderson;0
202505;Shane Henderson;1
202506;Shane Henderson;1
202507;Shane Henderson;0
202508;Shane Henderson;1
202509;Shane Henderson;1
202510;Shane Henderson;1
202511;Shane Henderson;1
202512;Shane Henderson;1
202513;Shane Henderson;1
202514;Shane Henderson;1
202515;Shane Henderson;1
202516;Shane Henderson;1
202517;Shane Henderson;1
202518;Shane Henderson;1
202519;Shane Henderson;1
202520;Shane Henderson;0
202521;Shane Henderson;1
202522;Shane Henderson;1
202523;Shane Henderson;1
202524;Shane Henderson;1
202525;Shane Henderson;1
202526;Shane Henderson;1
202527;Shane Henderson;1
202528;Shane Henderson;1
202529;Shane Henderson;0
202530;Shane Henderson;1
202531;Shane Henderson;1
202532;Shane Henderson;1
202533;Shane Henderson;1
202534;Shane Henderson;1
202535;Shane Henderson;0
202536;Shane Henderson;1
202537;Shane Henderson;1
202538;Shane Henderson;1
202539;Shane Henderson;1
202540;Shane Henderson;1
202541;Shane Henderson;1
202542;Shane Henderson;1
202543;Shane Henderson;1
202544;Shane Henderson;1
202545;Shane Henderson;1
202546;Shane Henderson;0
202547;Shane Henderson;1
202548;Shane Henderson;0
202549;Shane Henderson;1
202550;Shane Henderson;0
202551;Shane Henderson;1
202552;Shane Henderson;1
202501;Shannon Jones;0
202502;Shannon Jones;0
202503;Shannon Jones;1
202504;Shannon Jones;1
202505;Shannon Jones;0
202506;Shannon Jones;1
202507;Shannon Jones;1
202508;Shannon Jones;1
202509;Shannon Jones;1
202510;Shannon Jones;1
202511;Shannon Jones;1
202512;Shannon Jones;0
202513;Shannon Jones;1
202514;Shannon Jones;1
202515;Shannon Jones;1
202516;Shannon Jones;0
202517;Shannon Jones;1
202518;Shannon Jones;1
202519;Shannon Jones;1
202520;Shannon Jones;1
202521;Shannon Jones;1
202522;Shannon Jones;0
202523;Shannon Jones;1
202524;Shannon Jones;1
202525;Shannon Jones;1
202526;Shannon Jones;1
202527;Shannon Jones;0
202528;Shannon Jones;1
202529;Shannon Jones;1
202530;Shannon Jones;1
202531;Shannon Jones;1
202532;Shannon Jones;1
202533;Shannon Jones;1
202534;Shannon Jones;0
202535;Shannon Jones;1
202536;Shannon Jones;1
202537;Shannon Jones;1
202538;Shannon Jones;1
202539;Shannon Jones;1
202540;Shannon Jones;1
202541;Shannon Jones;1
202542;Shannon Jones;1
202543;Shannon Jones;1
202544;Shannon Jones;1
202545;Shannon Jones;1
202546;Shannon Jones;1
202547;Shannon Jones;1
202548;Shannon Jones;1
202549;Shannon Jones;0
202550;Shannon Jones;1
202551;Shannon Jones;1
202552;Shannon Jones;1
202501;Stephanie Ross;0
202502;Stephanie Ross;1
202503;Stephanie Ross;1
202504;Stephanie Ross;1
202505;Stephanie Ross;1
202506;Stephanie Ross;1
202507;Stephanie Ross;1
202508;Stephanie Ross;0
202509;Stephanie Ross;1
202510;Stephanie Ross;1
202511;Stephanie Ross;1
202512;Stephanie Ross;0
202513;Stephanie Ross;1
202514;Stephanie Ross;1
202515;Stephanie Ross;1
202516;Stephanie Ross;1
202517;Stephanie Ross;1
202518;Stephanie Ross;1
202519;Stephanie Ross;1
202520;Stephanie Ross;1
202521;Stephanie Ross;1
202522;Stephanie Ross;1
202523;Stephanie Ross;1
202524;Stephanie Ross;1
202525;Stephanie Ross;1
202526;Stephanie Ross;1
202527;Stephanie Ross;1
202528;Stephanie Ross;0
202529;Stephanie Ross;1
202530;Stephanie Ross;1
202531;Stephanie Ross;1
202532;Stephanie Ross;1
202533;Stephanie Ross;1
202534;Stephanie Ross;0
202535;Stephanie Ross;1
202536;Stephanie Ross;1
202537;Stephanie Ross;1
202538;Stephanie Ross;1
202539;Stephanie Ross;0
202540;Stephanie Ross;1
202541;Stephanie Ross;1
202542;Stephanie Ross;1
202543;Stephanie Ross;0
202544;Stephanie Ross;1
202545;Stephanie Ross;1
202546;Stephanie Ross;1
202547;Stephanie Ross;1
202548;Stephanie Ross;0
202549;Stephanie Ross;0
202550;Stephanie Ross;0
202551;Stephanie Ross;1
202552;Stephanie Ross;1
202501;Timothy Duncan;1
202502;Timothy Duncan;1
202503;Timothy Duncan;0
202504;Timothy Duncan;1
202505;Timothy Duncan;1
202506;Timothy Duncan;1
202507;Timothy Duncan;1
202508;Timothy Duncan;1
202509;Timothy Duncan;1
202510;Timothy Duncan;1
202511;Timothy Duncan;1
202512;Timothy Duncan;1
202513;Timothy Duncan;0
202514;Timothy Duncan;1
202515;Timothy Duncan;1
202516;Timothy Duncan;1
202517;Timothy Duncan;1
202518;Timothy Duncan;1
202519;Timothy Duncan;0
202520;Timothy Duncan;1
202521;Timothy Duncan;1
202522;Timothy Duncan;1
202523;Timothy Duncan;1
202524;Timothy Duncan;0
202525;Timothy Duncan;1
202526;Timothy Duncan;0
202527;Timothy Duncan;1
202528;Timothy Duncan;1
202529;Timothy Duncan;1
202530;Timothy Duncan;1
202531;Timothy Duncan;1
202532;Timothy Duncan;0
202533;Timothy Duncan;1
202534;Timothy Duncan;1
202535;Timothy Duncan;1
202536;Timothy Duncan;1
202537;Timothy Duncan;1
202538;Timothy Duncan;1
202539;Timothy Duncan;1
202540;Timothy Duncan;1
202541;Timothy Duncan;1
202542;Timothy Duncan;0
202543;Timothy Duncan;1
202544;Timothy Duncan;1
202545;Timothy Duncan;1
202546;Timothy Duncan;0
202547;Timothy Duncan;1
202548;Timothy Duncan;1
202549;Timothy Duncan;1
202550;Timothy Duncan;1
202551;Timothy Duncan;1
202552;Timothy Duncan;1
202501;Tommy Walter;1
202502;Tommy Walter;1
202503;Tommy Walter;1
202504;Tommy Walter;1
202505;Tommy Walter;0
202506;Tommy Walter;1
202507;Tommy Walter;1
202508;Tommy Walter;1
202509;Tommy Walter;1
202510;Tommy Walter;1
202511;Tommy Walter;1
202512;Tommy Walter;0
202513;Tommy Walter;1
202514;Tommy Walter;1
202515;Tommy Walter;1
202516;Tommy Walter;1
202517;Tommy Walter;1
202518;Tommy Walter;0
202519;Tommy Walter;1
202520;Tommy Walter;1
202521;Tommy Walter;1
202522;Tommy Walter;1
202523;Tommy Walter;1
202524;Tommy Walter;1
202525;Tommy Walter;1
202526;Tommy Walter;1
202527;Tommy Walter;1
202528;Tommy Walter;1
202529;Tommy Walter;1
202530;Tommy Walter;1
202531;Tommy Walter;1
202532;Tommy Walter;1
202533;Tommy Walter;1
202534;Tommy Walter;1
202535;Tommy Walter;0
202536;Tommy Walter;1
202537;Tommy Walter;1
202538;Tommy Walter;1
202539;Tommy Walter;1
202540;Tommy Walter;0
202541;Tommy Walter;1
202542;Tommy Walter;1
202543;Tommy Walter;1
202544;Tommy Walter;0
202545;Tommy Walter;0
202546;Tommy Walter;1
202547;Tommy Walter;1
202548;Tommy Walter;1
202549;Tommy Walter;1
202550;Tommy Walter;1
202551;Tommy Walter;1
202552;Tommy Walter;1
202501;Tracy House;1
202502;Tracy House;1
202503;Tracy House;1
202504;Tracy House;1
202505;Tracy House;1
202506;Tracy House;1
202507;Tracy House;1
202508;Tracy House;1
202509;Tracy House;1
202510;Tracy House;1
202511;Tracy House;1
202512;Tracy House;1
202513;Tracy House;1
202514;Tracy House;1
202515;Tracy House;1
202516;Tracy House;1
202517;Tracy House;1
202518;Tracy House;1
202519;Tracy House;1
202520;Tracy House;1
202521;Tracy House;1
202522;Tracy House;1
202523;Tracy House;1
202524;Tracy House;1
202525;Tracy House;1
202526;Tracy House;1
202527;Tracy House;1
202528;Tracy House;1
202529;Tracy House;0
202530;Tracy House;1
202531;Tracy House;1
202532;Tracy House;1
202533;Tracy House;1
202534;Tracy House;1
202535;Tracy House;1
202536;Tracy House;1
202537;Tracy House;1
202538;Tracy House;1
202539;Tracy House;1
202540;Tracy House;1
202541;Tracy House;1
202542;Tracy House;1
202543;Tracy House;1
202544;Tracy House;0
202545;Tracy House;0
202546;Tracy House;1
202547;Tracy House;1
202548;Tracy House;0
202549;Tracy House;0
202550;Tracy House;1
202551;Tracy House;1
202552;Tracy House;0
202501;Tricia Valencia;1
202502;Tricia Valencia;1
202503;Tricia Valencia;1
202504;Tricia Valencia;1
202505;Tricia Valencia;1
202506;Tricia Valencia;1
202507;Tricia Valencia;1
202508;Tricia Valencia;1
202509;Tricia Valencia;1
202510;Tricia Valencia;0
202511;Tricia Valencia;1
202512;Tricia Valencia;1
202513;Tricia Valencia;1
202514;Tricia Valencia;0
202515;Tricia Valencia;1
202516;Tricia Valencia;0
202517;Tricia Valencia;1
202518;Tricia Valencia;1
202519;Tricia Valencia;1
202520;Tricia Valencia;1
202521;Tricia Valencia;1
202522;Tricia Valencia;1
202523;Tricia Valencia;1
202524;Tricia Valencia;1
202525;Tricia Valencia;1
202526;Tricia Valencia;1
202527;Tricia Valencia;1
202528;Tricia Valencia;1
202529;Tricia Valencia;1
202530;Tricia Valencia;0
202531;Tricia Valencia;1
202532;Tricia Valencia;1
202533;Tricia Valencia;1
202534;Tricia Valencia;1
202535;Tricia Valencia;0
202536;Tricia Valencia;0
202537;Tricia Valencia;1
202538;Tricia Valencia;1
202539;Tricia Valencia;1
202540;Tricia Valencia;1
202541;Tricia Valencia;1
202542;Tricia Valencia;0
202543;Tricia Valencia;0
202544;Tricia Valencia;1
202545;Tricia Valencia;1
202546;Tricia Valencia;1
202547;Tricia Valencia;1
202548;Tricia Valencia;1
202549;Tricia Valencia;1
202550;Tricia Valencia;1
202551;Tricia Valencia;1
202552;Tricia Valencia;1
202501;Victoria Garcia;1
202502;Victoria Garcia;1
202503;Victoria Garcia;0
202504;Victoria Garcia;0
202505;Victoria Garcia;1
202506;Victoria Garcia;1
202507;Victoria Garcia;0
202508;Victoria Garcia;1
202509;Victoria Garcia;1
202510;Victoria Garcia;1
202511;Victoria Garcia;1
202512;Victoria Garcia;1
202513;Victoria Garcia;1
202514;Victoria Garcia;0
202515;Victoria Garcia;1
202516;Victoria Garcia;1
202517;Victoria Garcia;1
202518;Victoria Garcia;1
202519;Victoria Garcia;1
202520;Victoria Garcia;1
202521;Victoria Garcia;1
202522;Victoria Garcia;1
202523;Victoria Garcia;1
202524;Victoria Garcia;1
202525;Victoria Garcia;1
202526;Victoria Garcia;1
202527;Victoria Garcia;1
202528;Victoria Garcia;1
202529;Victoria Garcia;1
202530;Victoria Garcia;1
202531;Victoria Garcia;1
202532;Victoria Garcia;1
202533;Victoria Garcia;0
202534;Victoria Garcia;1
202535;Victoria Garcia;1
202536;Victoria Garcia;1
202537;Victoria Garcia;1
202538;Victoria Garcia;1
202539;Victoria Garcia;1
202540;Victoria Garcia;1
202541;Victoria Garcia;1
202542;Victoria Garcia;1
202543;Victoria Garcia;1
202544;Victoria Garcia;0
202545;Victoria Garcia;1
202546;Victoria Garcia;1
202547;Victoria Garcia;1
202548;Victoria Garcia;0
202549;Victoria Garcia;1
202550;Victoria Garcia;0
202551;Victoria Garcia;1
202552;Victoria Garcia;1
202501;Zachary Ferrell;1
202502;Zachary Ferrell;1
202503;Zachary Ferrell;1
202504;Zachary Ferrell;1
202505;Zachary Ferrell;0
202506;Zachary Ferrell;1
202507;Zachary Ferrell;0
202508;Zachary Ferrell;0
202509;Zachary Ferrell;1
202510;Zachary Ferrell;1
202511;Zachary Ferrell;1
202512;Zachary Ferrell;1
202513;Zachary Ferrell;1
202514;Zachary Ferrell;1
202515;Zachary Ferrell;1
202516;Zachary Ferrell;1
202517;Zachary Ferrell;0
202518;Zachary Ferrell;1
202519;Zachary Ferrell;0
202520;Zachary Ferrell;1
202521;Zachary Ferrell;1
202522;Zachary Ferrell;1
202523;Zachary Ferrell;1
202524;Zachary Ferrell;1
202525;Zachary Ferrell;1
202526;Zachary Ferrell;1
202527;Zachary Ferrell;1
202528;Zachary Ferrell;1
202529;Zachary Ferrell;1
202530;Zachary Ferrell;1
202531;Zachary Ferrell;1
202532;Zachary Ferrell;1
202533;Zachary Ferrell;1
202534;Zachary Ferrell;1
202535;Zachary Ferrell;1
202536;Zachary Ferrell;1
202537;Zachary Ferrell;0
202538;Zachary Ferrell;1
202539;Zachary Ferrell;1
202540;Zachary Ferrell;0
202541;Zachary Ferrell;0
202542;Zachary Ferrell;1
202543;Zachary Ferrell;1
202544;Zachary Ferrell;1
202545;Zachary Ferrell;1
202546;Zachary Ferrell;1
202547;Zachary Ferrell;1
202548;Zachary Ferrell;0
202549;Zachary Ferrell;1
202550;Zachary Ferrell;1
202551;Zachary Ferrell;1
202552;Zachary Ferrell;1
